Treatment,Rep,Sex,Seed,Slide,Individual,Side,Area,Mean,Min,Max,Length
M,R4,F,B,1,3,L,20128.949,170.015,105.362,225.321,2410.159
M,R2,F,C,2,5,L,19434.847,157.723,87.56,213.164,2325.919
M,R2,F,C,1,1,L,20614.82,144.914,83.452,209.862,2470.473
M,R2,M,C,1,3,L,18116.054,178.971,99.608,228.982,2166.981
M,R2,F,C,1,2,L,19990.128,155.051,86.989,211.325,2392.005
M,R4,F,C,3,3,L,19781.898,149.249,83.394,209.223,2367.27
M,R4,M,B,1,3,L,17421.952,175.63,109.14,214.49,2085.217
M,R4,F,C,3,1,L,20059.538,159.693,72.208,229.314,2403.295
M,R4,M,C,1,1,R,18116.054,166.896,88.85,215.579,2168.454
M,R3,F,A,3,4,R,18046.644,170.752,108.716,237.923,2158.685
M,R4,M,C,3,5,L,17838.413,153.416,72.105,205.454,2133.848
M,R4,F,B,1,4,L,19365.437,159.389,101.404,208.227,2317.054
M,R3,F,A,1,2,L,19504.257,168.83,111.273,202.946,2332.906
M,R4,F,C,1,3,L,19990.128,156.936,82.462,219.287,2391.425
M,R2,M,C,3,5,R,17838.413,156.379,77.953,204.956,2137.115
M,R3,F,A,2,4,L,19573.667,163.187,107.52,196.978,2346.434
M,R4,M,B,2,4,L,17977.233,139.387,83.203,202.457,2154.823
M,R3,F,A,1,5,L,18879.566,175.664,121.667,228.576,2263.119
M,R4,F,C,2,3,L,19990.128,161.817,75.343,222.704,2393.282
M,R4,M,B,1,1,L,17699.593,151.392,83.028,210.985,2117.128
M,R4,M,B,1,2,L,17213.722,169.56,116.066,220.211,2059.444
M,R4,M,C,1,3,L,18185.464,167.585,74.588,223.088,2179.74
M,R4,M,B,3,2,L,17907.823,163.494,96.481,211.293,2145.413
M,R4,F,C,2,2,L,19851.308,152.189,64.799,209.027,2380.472
M,R2,M,C,3,2,L,18046.644,159.223,76.136,210.599,2158.492
M,R2,M,C,1,5,L,17699.593,169.25,103.452,207.187,2118.062
M,R3,F,A,1,1,L,19504.257,173.816,117.715,214.398,2338.701
M,R2,F,C,2,3,L,17283.132,175.725,123.544,215.28,2069.949
M,R4,M,B,3,4,L,17699.593,153.411,62.926,216.452,2121.975
M,R3,F,A,2,1,L,19157.206,177.78,95.333,211.837,2296.185
M,R4,F,C,2,5,L,20267.769,155.068,71.727,210.401,2425.561
M,R4,M,C,2,5,L,17560.772,149.9,83.333,208.285,2100.077
M,R4,M,B,2,5,L,17699.593,156.076,80.125,209.177,2120.339
M,R3,F,A,1,3,L,19157.206,164.965,109.656,198.708,2295.565
M,R4,M,B,1,5,L,17769.003,164.182,96.667,203.595,2126.827
M,R4,F,B,1,1,L,18948.976,165.478,103.221,210.173,2266.49
M,R2,M,C,1,2,L,17907.823,165.283,97.213,208.808,2144.636
M,R4,F,C,3,5,L,19990.128,158.134,87.511,212.154,2394.789
M,R3,F,A,2,5,L,19434.847,153.537,106.333,190.249,2325.396
M,R4,F,B,2,5,L,20128.949,161.426,102.333,208.665,2415.352
M,R4,F,B,3,1,L,19712.488,171.266,116.959,211.151,2364.498
M,R4,M,C,2,1,L,17907.823,157.787,64.75,218.948,2141.543
M,R4,M,C,1,5,L,17074.901,164.098,72.594,216.293,2041.316
M,R3,M,A,3,3,L,17769.003,162.843,113.282,202.888,2126.239
M,R2,F,C,2,4,L,20545.41,155.731,101.319,209.611,2464.777
M,R2,M,C,2,2,L,17977.233,157.397,102.236,200.908,2150.212
M,R4,F,C,2,4,L,20059.538,157.473,91.17,218.223,2400.854
M,R3,F,A,2,2,L,20128.949,169.494,109.247,215.758,2410.634
M,R4,M,C,1,2,L,17838.413,132.776,57.508,177.939,2139.581
M,R4,F,B,2,4,L,19504.257,159.303,108.333,201.977,2334.497
M,R2,F,C,2,1,L,20128.949,157.993,85.187,225.343,2408.258
M,R4,M,B,3,1,L,18116.054,132.481,79.684,182.447,2172.291
M,R4,F,C,2,1,L,19504.257,168.968,98.546,220.869,2332.995
M,R4,M,C,2,2,L,17907.823,161.815,77,207.042,2142.224
M,R4,M,C,2,3,L,17421.952,166.827,114.195,206.17,2089.357
M,R2,M,C,2,5,L,17213.722,145.33,95.883,200.269,2064.846
M,R3,M,A,3,1,L,18046.644,167.586,115.667,217.851,2163.005
M,R4,M,B,1,4,L,17352.542,159.688,106.167,210.066,2075.826
M,R3,F,A,3,1,L,19226.616,167.493,88.025,216.979,2299.689
M,R2,M,C,2,3,L,17838.413,151.807,99.815,208.177,2133.214
M,R4,F,B,3,5,R,20753.64,150.152,91.043,215.286,2483.238
M,R4,M,C,3,3,L,17907.823,167.212,93,234.985,2144.636
M,R4,F,C,1,1,L,19851.308,178.33,100,234.065,2375.831
M,R4,F,C,1,4,L,20614.82,152.97,96.438,204.588,2470.122
M,R3,M,A,1,1,L,18046.644,168.934,114.926,219.38,2165.571
M,R4,F,C,1,5,L,19712.488,152.019,86.306,209.919,2361.281
M,R4,F,B,2,3,L,19990.128,163.003,114,215.333,2391.076
M,R3,M,A,3,4,L,17699.593,174.32,118.103,206.699,2118.505
M,R3,F,A,3,5,L,18740.745,136.47,97.667,177.107,2242.986
M,R3,F,A,2,3,L,19365.437,166.696,114,208.791,2321.498
M,R4,F,C,3,2,L,19990.128,164.342,95.333,215.115,2394.963
M,R3,M,A,1,2,L,18254.874,157.908,99,201.217,2185.67
M,R4,M,B,2,3,L,17838.413,151.906,85.813,201.01,2133.848
M,R4,M,B,3,5,L,18046.644,158.56,92.331,220.174,2160.903
M,R2,F,C,1,3,L,20059.538,151.082,84.37,208.593,2404.797
M,R4,M,C,1,4,L,17283.132,166.681,101.911,217.436,2071.005
M,R3,F,A,3,2,L,19157.206,160.125,95.097,215.579,2292.01
M,R2,M,C,2,1,L,17769.003,177.518,122.2,228.225,2130.022
M,R2,M,C,2,4,L,17699.593,162.155,93.892,195.925,2124.002
M,R2,F,C,3,3,L,19712.488,154.717,91.495,219.001,2358.119
M,R2,M,C,1,1,L,18046.644,166.087,103.667,214.493,2164.882
M,R3,M,A,1,4,L,18185.464,156.373,95.126,201.729,2182.349
M,R2,F,C,3,5,R,19504.257,158.754,72.694,210.092,2333.843
M,R4,M,C,2,4,R,17907.823,160.859,66.069,227.375,2142.159
M,R4,F,B,1,5,L,19573.667,161.09,104.098,205.51,2343.637
M,R2,M,C,3,4,L,18532.515,169.182,109.825,209.275,2220.078
M,R3,M,A,2,2,L,18463.105,173.236,108,220.518,2214.459
M,R2,M,C,3,3,L,17074.901,159.238,98.572,210.179,2043.474
M,R4,F,B,3,2,L,20128.949,172.15,117.503,220.809,2411.901
M,R2,M,C,3,1,L,18046.644,159.358,111.1,223.445,2163.952
M,R4,F,B,1,2,L,18810.155,176.635,127.595,212.531,2252.605
M,R3,M,A,2,1,L,17838.413,171.247,114.123,219.619,2140.409
M,R3,F,A,1,4,L,19643.077,158.088,108.667,225.823,2354.85
M,R2,F,C,1,4,L,19504.257,156.837,102.512,214.355,2334.899
M,R4,M,B,2,2,R,17838.413,154.962,80.852,214.543,2134.433
M,R3,F,A,3,3,L,19573.667,179.013,98.064,218.828,2348.253
M,R3,M,A,2,4,L,17421.952,165.808,113.471,208.514,2089.756
M,R2,F,C,1,5,L,19226.616,166.462,99.96,207.361,2302.585
M,R4,M,C,3,1,L,18324.284,153.461,89.962,224.484,2191.142
M,R2,F,C,3,1,L,20128.949,156.668,80.589,219.031,2409.929
M,R4,M,C,3,4,L,17560.772,157.895,84.333,209.516,2107.615
M,R4,F,C,1,2,L,19712.488,155.335,78.376,215.555,2358.943
M,R4,F,B,3,3,L,19781.898,166.475,93.649,204.947,2366.449
M,R4,F,B,2,1,L,19920.718,169.744,126.667,207.161,2386.078
M,R3,M,A,2,5,L,17630.183,166.859,124.254,209.787,2108.982
M,R3,M,A,1,3,L,17699.593,162.472,108.843,210.466,2117.472
M,R2,F,C,3,2,L,19920.718,151.468,86.835,204.999,2383.051
M,R3,M,A,2,3,R,17213.722,163.564,107.433,204.866,2065.249
M,R4,F,B,2,2,L,19990.128,146.417,97.949,183.375,2392.745
M,R4,M,B,3,3,L,18116.054,161.833,77.851,241.042,2173.569
M,R2,F,C,2,2,L,19712.488,151.167,96.885,194.41,2363.573
M,R2,M,C,1,4,L,17838.413,173.807,113.769,225.697,2134.97
M,R2,F,C,3,4,R,20059.538,151.016,65.026,202.631,2400.984
M,R3,M,A,3,5,R,17630.183,169.818,117.74,213.878,2112.418
M,R4,M,B,2,1,R,17977.233,148.176,78.37,202.178,2154.002
M,R4,M,C,3,2,L,17630.183,162.055,99.253,225.015,2115.718
M,R3,M,A,3,2,L,17421.952,152.735,108.163,196.399,2089.474
M,R3,M,A,1,5,L,17838.413,145.838,100.187,203.029,2140.409
M,R4,F,C,3,4,L,20128.949,152.875,77.733,224.334,2415.352
P,R4,M,C,1,5,R,17651.606,167.646,90.333,217.264,2120.337
M,R4,F,A,1,1,L,19866.709,170.171,86.701,227.949,2379.571
M,R3,F,C,1,4,R,19243.711,173.428,96.642,241.434,2312.19
M,R1,F,C,2,1,L,19174.489,178.867,108.335,233.526,2301.191
M,R4,F,A,2,3,L,19866.709,161.785,59.394,229.672,2382.841
M,R1,F,C,1,5,L,19589.821,162.787,94.259,220.984,2351.552
P,R4,F,C,1,4,R,19451.377,180.739,111.175,231.426,2333.393
M,R4,M,A,3,5,L,17720.828,165.811,72.54,231.354,2122.882
M,R3,F,C,1,2,L,19866.709,168.217,115.228,230.028,2382.362
M,R3,F,C,1,5,L,19036.045,181.773,97.4,235.37,2287.373
M,R4,F,A,2,4,L,19243.711,173.932,107.066,245.928,2306.9
M,R1,F,C,1,1,R,19312.933,173.708,100.036,222.835,2318.647
M,R3,F,C,3,3,R,18828.379,183.678,108.813,223.205,2255.327
M,R3,M,C,3,2,L,18066.938,183.682,121.707,230.852,2169.233
M,R2,F,B,2,2,L,19382.155,166.732,91.254,217.818,2325.504
M,R4,F,A,1,4,L,19797.487,176.137,93.351,224.264,2371.602
M,R4,M,A,2,2,R,17928.494,175.973,100.733,231.535,2146.699
M,R1,M,C,1,1,L,16820.942,183.041,108.052,235.361,2020.589
P,R4,F,C,1,3,L,19312.933,165.471,111.376,221.651,2320.199
M,R1,M,C,2,2,R,17167.052,177.289,95.328,216.158,2062.951
P,R4,F,C,3,4,L,19589.821,163.589,74.955,224.792,2353.274
M,R4,F,A,3,5,L,19589.821,164.431,98.716,227.326,2353.362
M,R2,F,B,2,3,L,19589.821,174.658,92.242,219.655,2346.705
M,R3,M,C,2,5,L,17167.052,169.989,88.781,212.268,2060.819
P,R4,F,C,2,4,R,19243.711,167.144,85.371,222.86,2304.978
M,R3,F,C,3,2,R,19243.711,170.704,92.238,231.6,2305.594
M,R2,F,B,3,4,L,18759.157,162.998,84.686,222.939,2251.779
P,R4,F,C,1,2,L,19382.155,177.584,113.07,231.265,2329.192
P,R4,M,C,2,2,L,16890.164,178.664,110.882,223.152,2025.021
P,R4,F,C,1,1,R,19312.933,166.766,80.009,220.055,2316.362
M,R4,M,A,1,5,L,17928.494,177.292,103.244,225.463,2150.677
M,R3,F,C,3,5,L,19382.155,152.675,102.478,218.499,2322.287
P,R4,F,C,2,5,L,17997.716,171.421,117.706,215.625,2162.329
M,R4,M,A,2,5,L,17097.83,166.217,77.158,224.123,2050.853
M,R1,M,C,2,4,L,17167.052,168.501,103.515,219.773,2055.64
P,R4,M,C,2,3,L,16820.942,182.906,102.251,230.201,2015.513
M,R3,M,C,3,1,R,17997.716,167.497,73.333,218.211,2155.387
M,R3,M,C,3,4,L,17859.272,163.365,85.677,228.7,2139.852
M,R1,F,C,2,2,L,18828.379,175.791,78.466,228.594,2261.473
P,R4,F,C,3,3,L,19105.267,185.548,116.079,224.466,2295.846
M,R1,F,C,1,3,L,19036.045,170.399,84.163,221.532,2283.269
M,R2,F,B,3,5,L,19520.599,151.423,75.158,199.788,2344.182
P,R4,F,C,2,2,R,19451.377,172.24,84.931,231.647,2334.357
M,R4,M,A,1,1,L,17513.162,163.568,97.23,214.033,2096.716
M,R4,F,A,3,1,L,20005.153,177.563,102.852,225.242,2397.034
M,R3,F,C,3,4,R,19382.155,176.488,102.898,236.585,2324.194
M,R1,M,C,2,5,L,16890.164,181.446,129.769,221.821,2028.607
M,R4,M,A,1,2,R,17928.494,157.531,83.39,222.628,2153.251
P,R4,F,C,2,1,L,19243.711,159.754,88.98,215.653,2307.2
P,R4,M,C,1,1,L,17097.83,192.002,132,237.548,2054.832
P,R4,M,C,3,1,L,17651.606,171.201,72.073,220.661,2120.598
M,R1,F,C,2,5,L,18966.823,166.182,76.436,214.234,2274.52
M,R4,M,A,3,4,R,17651.606,158.028,86.652,220.313,2119.243
M,R2,F,B,3,3,L,18966.823,158.174,93.684,214.433,2273.196
M,R1,F,C,1,2,L,18966.823,170.351,96.248,221.146,2275.753
M,R4,M,A,1,3,L,17997.716,170.421,96.579,225.808,2156.174
P,R4,F,C,1,5,R,18966.823,179.138,110.422,221.618,2272.328
M,R1,M,C,2,1,R,17097.83,159.191,79.429,222.675,2050.194
P,R4,F,C,3,5,R,20212.819,177.659,99.854,232.921,2421.813
M,R3,M,C,1,1,L,17305.496,175.076,86.443,234.112,2072.409
P,R4,M,C,2,5,L,17582.384,179.705,103.762,229.352,2111.406
M,R1,M,C,3,1,L,16890.164,174.354,98.184,217.295,2024.645
M,R2,M,B,3,2,L,16890.164,183.105,118.665,225.668,2024.337
M,R4,F,A,3,4,R,19451.377,172.615,93.793,233.631,2335.128
M,R2,M,B,3,5,R,17997.716,158.121,78.233,215.844,2161.433
M,R2,M,B,3,4,L,17513.162,168.972,115.888,231.843,2103.029
M,R3,M,C,1,3,L,17305.496,171.396,109.101,224.434,2071.824
P,R4,M,C,1,2,L,16405.61,163.687,81.42,217.737,1968.32
M,R3,M,C,2,3,L,17167.052,176.91,92.232,223.351,2055.64
M,R3,F,C,3,1,L,19036.045,183.331,127.738,223.132,2284.284
M,R3,M,C,2,4,L,17651.606,177.986,120.293,225.566,2115.631
M,R1,M,C,1,4,L,17097.83,174.425,98.744,232.256,2050.431
M,R2,F,B,3,2,R,19174.489,145.408,69.714,213.568,2301.988
P,R4,F,C,3,1,R,19312.933,168.048,108.167,222.625,2315.899
M,R3,M,C,3,5,L,17651.606,178.737,121.191,237.642,2114.076
M,R3,F,C,2,5,R,19243.711,174.274,98.529,222.384,2305.534
P,R4,M,C,1,3,R,16405.61,174.731,107.356,223.609,1964.149
M,R3,M,C,3,3,L,17513.162,180.066,116.957,237.256,2101.646
M,R2,F,B,2,4,R,18689.936,156.713,83.97,229.459,2246.116
M,R3,M,C,1,2,L,17582.384,160.794,100.665,213.129,2110.34
M,R3,F,C,2,4,L,19589.821,166.637,73.484,230.155,2346.838
M,R1,M,C,1,2,L,13982.841,180.897,130.563,224.2,1677.605
P,R4,F,C,2,3,R,19312.933,172.373,85.908,234.049,2319.02
M,R3,F,C,1,3,L,19659.043,168.524,101.879,211.999,2354.612
M,R3,M,C,1,5,L,17997.716,168.852,102.435,223.465,2161.945
P,R4,M,C,3,4,L,17305.496,172.31,115.286,216.54,2078.396
M,R1,M,C,2,3,L,17305.496,168.139,89.998,217.474,2075.88
M,R3,F,C,2,1,L,19728.265,176.117,95.117,234.39,2363.722
M,R4,M,A,3,2,L,17720.828,171.495,102.766,227.558,2125.88
M,R4,F,A,1,2,L,19797.487,151.97,85.7,207.185,2376.194
M,R3,M,C,2,2,L,17443.94,179.133,123.6,232.421,2095.924
M,R4,M,A,2,4,L,17513.162,173.459,93.069,232.561,2097.64
M,R4,F,A,3,2,L,19312.933,170.962,102.636,227.077,2316.736
M,R1,M,C,1,3,L,16405.61,175.547,94.138,224.826,1968.531
M,R4,F,A,3,3,L,19589.821,169.319,86.309,231.117,2348.017
M,R2,F,B,2,1,R,18897.601,169.848,76,231.924,2263.171
P,R4,M,C,3,3,R,17928.494,178.223,110.223,225.172,2146.812
P,R4,M,C,2,4,L,16474.832,174.951,121.379,222.127,1972.536
M,R4,F,A,2,1,L,18966.823,172.589,116.876,232.327,2277.136
M,R1,M,C,1,5,R,16959.386,172.026,89.708,219.781,2035.403
M,R4,F,A,2,2,L,19866.709,170.236,90.665,230.653,2383.713
M,R4,M,A,1,4,L,17374.718,164.487,103.506,210.334,2085.378
M,R1,F,C,1,4,R,19174.489,146.564,72.133,213.212,2297.338
M,R4,M,A,3,3,L,17859.272,170.109,91.118,233.496,2139.027
M,R1,M,C,3,4,L,17236.274,178.582,95.615,234.607,2065.801
M,R4,F,A,1,3,L,19589.821,161.821,58.831,220.117,2347.147
M,R3,M,C,1,4,L,17997.716,157.017,86.981,212.385,2160.952
M,R4,F,A,1,5,L,19382.155,186.72,118.093,230.485,2322.227
M,R3,F,C,2,3,R,19520.599,170.983,91.207,238.807,2340.044
P,R4,F,C,3,2,R,18551.492,175.125,105.282,224.374,2222.866
P,R4,M,C,3,5,R,17443.94,174.663,104.612,232.808,2093.214
M,R4,M,A,2,1,L,17651.606,162.205,90.961,214.453,2117.462
M,R2,F,B,2,5,L,18828.379,177.878,104.152,224.191,2260.11
M,R1,F,C,2,3,L,19451.377,169.987,71.071,221.43,2336.136
P,R4,M,C,1,4,L,16959.386,172.428,94.91,228.204,2034.995
M,R1,F,C,2,4,L,19589.821,173.598,91,225.81,2352.097
M,R1,M,C,3,3,R,17513.162,157.31,74.968,206.716,2102.206
P,R4,M,C,3,2,L,17305.496,168.511,107.982,216.452,2075.429
M,R4,F,A,2,5,L,19105.267,171.145,105.721,220.304,2295.167
M,R3,F,C,1,1,L,18759.157,173.997,98.285,231.876,2248.257
M,R3,F,C,2,2,L,20074.375,159.463,88.838,220.299,2405.897
M,R2,M,B,3,1,R,18066.938,163.583,64.333,220.437,2165.257
M,R3,M,C,2,1,L,17651.606,187.666,115.719,237.366,2119.096
M,R1,M,C,3,5,L,17513.162,174.725,100.556,232.207,2097.69
P,R4,M,C,2,1,R,17790.05,166.497,93.72,242.506,2134.394
M,R2,M,B,3,3,L,17582.384,149.175,77.47,212.687,2112.897
M,R2,F,B,3,1,L,19105.267,156.65,92.059,221.431,2290.548
M,R1,M,C,3,2,R,17028.608,168.664,97.469,224.367,2043.126
M,R4,M,A,2,3,R,17513.162,174.989,88.506,236.538,2099.141
M,R4,M,A,3,1,R,17790.05,170.341,88.634,217.967,2134.07
P,R4,M,B,3,2,R,17658.702,178.812,134.303,226.485,2120.763
P,R4,M,B,3,1,L,17104.704,181.993,122.7,219.381,2047.142
P,R4,F,B,2,3,L,18489.7,187.318,133.406,228.012,2219.557
P,R4,F,B,3,4,R,18143.451,194.236,135.306,232.565,2172.731
P,R4,F,B,2,2,L,18558.95,187.329,130.667,223.52,2221.989
P,R4,F,B,3,5,L,19805.446,170.333,110.868,222.402,2375.112
P,R4,F,B,2,1,R,18697.449,187.253,109.951,227.091,2242.418
P,R4,F,B,3,2,R,19459.197,183.111,114.022,232.357,2337.094
P,R4,M,B,3,5,L,17727.952,181.778,128.819,215.374,2125.281
P,R4,M,B,3,3,L,17935.702,176.3,96.333,231.333,2146.985
P,R4,F,B,2,5,R,19528.447,178.103,95.821,226.969,2343.412
P,R4,F,B,3,1,L,19182.198,175.897,119.602,227.352,2298.101
P,R4,M,B,3,4,L,17450.953,175.601,123.781,217.756,2094.362
P,R4,F,B,2,4,R,18835.949,178.74,112.216,220.637,2261.07
P,R4,F,B,3,3,L,18558.95,187.033,136.38,227.807,2222.643
M,R1,F,C,3,3,L,19234.775,171.063,95.572,216.812,2303.073
M,R3,M,B,1,3,L,16873.828,169.509,104.466,226.994,2021.085
M,R3,M,B,1,5,L,17359.906,165.29,97.393,213.702,2078.823
M,R3,F,B,1,3,L,19165.336,173.098,120.857,220.03,2291.723
M,R1,F,C,3,2,L,18887.577,161.073,73.225,230.112,2265.025
M,R3,F,B,1,2,L,19026.456,165.195,108.308,215.168,2281.489
M,R3,M,B,1,2,L,17707.104,160.384,104.576,213.803,2122.065
M,R3,F,B,1,1,R,19373.655,169.44,99,224.762,2319.297
M,R3,M,B,1,1,L,17568.224,166.953,113.944,217.853,2105.112
M,R3,F,B,1,5,L,18818.138,166.833,86.607,219.002,2251.788
M,R3,M,B,1,4,L,17151.587,178.095,125.968,227.916,2052.705
M,R1,F,C,3,5,L,19581.973,163.246,83.52,220.801,2343.734
M,R1,F,C,3,4,R,19304.215,161.781,61.876,215.21,2314.622
M,R1,F,C,3,1,R,19026.456,160.5,81.666,236.368,2277.118
M,R3,F,B,1,4,L,19373.655,163.658,98.977,211.077,2316.721
P,R3,F,A,1,1,L,20554.921,156.955,93.113,200.214,2461.739
P,R2,M,A,1,4,R,18054.998,160.587,94.9,204.654,2161.017
P,R1,M,A,1,3,R,17777.229,148.706,78.328,205.675,2126.274
P,R1,F,A,2,5,L,19374.402,157.519,87.394,203.659,2322.618
P,R1,M,A,3,5,L,18054.998,142.709,90.661,185.23,2163.442
P,R1,F,A,3,2,L,19027.191,148.961,75.524,195.385,2276.201
P,R2,M,A,1,5,L,17985.556,158.466,122.437,189.828,2152.565
P,R3,M,A,1,4,L,18054.998,159.028,110.738,202.859,2158.879
P,R2,F,A,2,4,L,20207.71,138.986,71.838,195.219,2423.645
P,R1,M,A,2,1,L,17430.018,157.916,94.984,190.098,2084.967
P,R1,F,A,3,5,L,19721.614,146.897,97.451,188.972,2359.725
P,R2,M,A,2,4,L,18332.768,156.744,118.897,199.371,2196.76
P,R2,F,A,3,5,L,20346.594,157.356,99.735,194.333,2435.35
P,R1,F,A,1,3,L,19096.633,155.867,87.769,193.8,2285.32
P,R1,M,A,2,2,L,17430.018,161.7,104,214,2083.301
P,R2,M,A,2,3,L,17985.556,156.951,108.806,194.766,2157.801
P,R3,M,A,1,2,R,18332.768,153.407,92.935,204.633,2192.536
P,R1,F,A,2,3,R,19235.517,161.366,96.881,201.937,2301.851
P,R1,F,A,1,1,R,18888.306,157.899,98.702,200.921,2258.683
P,R1,F,A,2,2,L,19860.498,150.938,87.895,194.323,2379.053
P,R2,F,A,1,4,L,19999.383,165.222,133.87,198.699,2394.082
P,R2,F,A,3,3,L,19999.383,163.21,124.04,199.572,2396.865
P,R2,F,A,1,1,L,20138.267,156.672,106.366,213.159,2416.586
P,R1,F,A,1,4,L,18679.979,158.426,93.101,198.663,2237.353
P,R2,M,A,3,5,L,17638.344,158.12,109.636,199.451,2115.797
P,R1,F,A,2,4,L,19513.287,153.641,81.808,190.979,2338.366
P,R1,M,A,2,5,L,17777.229,165.759,117.151,204.81,2132.275
P,R2,M,A,1,2,L,18054.998,166.609,130,198.744,2166.152
P,R1,M,A,3,4,L,17291.133,154.168,97.941,199.919,2073.83
P,R2,F,A,2,3,L,19860.498,154.436,90.81,207.366,2378.25
P,R2,M,A,2,5,L,17916.114,166.179,126.562,197.377,2146.88
P,R3,M,A,1,5,L,18888.306,160.249,97.25,208.112,2258.806
P,R3,M,A,2,5,L,18679.979,154.529,116.199,195.365,2236.344
P,R1,M,A,1,5,L,17499.46,152.159,87.339,201.612,2093.111
P,R1,F,A,3,1,R,19027.191,154.978,88.243,200.6,2279.844
P,R3,M,A,2,4,L,18332.768,146.557,108.166,192.552,2198.277
P,R2,F,A,3,1,R,19513.287,156.842,97.63,200.199,2335.974
P,R1,M,A,3,2,L,17291.133,152.638,102.354,191.899,2074.299
P,R1,M,A,2,4,R,17985.556,155.101,91.667,203.697,2155.612
P,R3,M,A,2,1,L,17985.556,151.62,106.566,201.813,2151.581
P,R2,M,A,3,4,L,17777.229,155.887,105.935,204.255,2129.537
P,R1,M,A,3,1,L,17360.575,156.588,115.11,196.455,2081.767
P,R2,F,A,3,4,L,20346.594,150.992,91.369,195.929,2433.595
P,R2,M,A,3,3,R,18541.094,165.823,128,212.537,2218.339
P,R3,M,A,1,1,L,17916.114,161.242,115.431,208.142,2144.372
P,R1,F,A,3,3,L,19652.171,138.174,72.818,186.954,2350.156
P,R2,F,A,2,1,R,20207.71,147.942,78.866,201.073,2417.276
P,R2,M,A,1,3,R,18124.441,157.245,111.85,198.038,2173.162
P,R1,F,A,3,4,L,18888.306,155.42,89.663,192.11,2259.59
P,R1,F,A,1,5,L,19235.517,156.165,114.041,191.389,2300.81
P,R1,M,A,1,1,L,17152.248,160.131,70.344,228.298,2051.814
P,R1,M,A,1,4,L,16874.479,152.176,69.517,211.992,2018.443
P,R1,M,A,3,3,R,17568.902,153.984,108.759,196.712,2105.549
P,R2,M,A,3,2,L,17985.556,154.221,117.81,198.307,2156.675
P,R2,M,A,2,2,L,18193.883,152.909,110.274,201.044,2175.365
P,R3,M,A,2,2,L,18332.768,156.9,118.12,196.712,2191.886
P,R2,F,A,1,3,L,19513.287,145.356,85.197,182.778,2338.366
P,R2,M,A,3,1,L,18402.21,151.209,106.743,189.507,2203.246
P,R1,F,A,2,1,L,18888.306,156.04,98.436,192.988,2263.643
P,R2,M,A,2,1,R,18332.768,157.192,112.411,196.031,2192.409
P,R3,M,A,2,3,R,18610.537,155.234,100.667,202.353,2229.876
P,R1,M,A,1,2,R,17152.248,163.16,78.269,211.001,2052.237
P,R1,M,A,2,3,L,16735.595,159.449,96.821,205.524,2000.195
P,R3,M,A,1,3,R,18749.421,164.595,109.908,202.734,2246.645
P,R2,F,A,2,2,L,19860.498,151.207,91.987,208.842,2378.367
P,R2,F,A,1,2,R,19721.614,153.83,98.861,196.857,2359.842
P,R2,F,A,1,5,L,19582.729,157.729,106.611,198.121,2344.239
P,R1,F,A,1,2,R,19374.402,151.457,93.108,200.148,2316.871
P,R2,F,A,3,2,L,20207.71,151.045,107,189.425,2420.376
P,R2,F,A,2,5,L,19791.056,142.758,64.534,201.553,2368.229
P,R2,M,A,1,1,L,17846.671,160.325,124.339,203.153,2135.984
P,R1,F,C,3,3,L,19403.473,126.436,50.818,180.484,2324.637
P,R2,F,C,1,5,L,19542.069,133.399,77.949,177.444,2346.061
P,R1,M,C,3,1,L,17532.424,100.096,47.253,150.533,2101.236
P,R2,F,C,3,4,L,19819.262,140.139,61.234,185.54,2372.511
P,R2,M,C,1,3,L,17601.722,133.189,76.693,184.258,2108.922
P,R1,F,C,1,5,L,18571.896,119.567,68.836,161.068,2225.21
P,R2,F,C,2,3,R,19888.56,119.931,62.003,178.438,2382.523
P,R1,F,C,3,1,L,19403.473,124.976,64.113,186.735,2329.759
P,R1,M,C,1,5,L,16770.145,105.667,61.022,144.902,2011.804
P,R1,M,C,3,2,L,16770.145,104.315,51.163,147.192,2006.216
P,R2,M,C,2,3,R,18364.001,127.383,71.916,166.684,2204.623
P,R2,F,C,2,1,L,19126.281,129.743,72.169,175.394,2294.15
P,R2,F,C,1,1,L,19542.069,133.411,61.28,211.007,2345.589
P,R1,M,C,1,1,R,17671.02,103.45,54.639,152.94,2121.862
P,R1,F,C,1,2,L,17948.213,123.138,56.573,183.129,2150.91
P,R1,F,C,1,3,L,19403.473,118.402,59.181,160.298,2327.661
P,R2,F,C,1,3,L,19819.262,124.498,68.612,181.075,2377.413
P,R2,F,C,3,3,L,19888.56,132.295,69.299,174.427,2382.058
P,R1,M,C,3,3,L,16839.443,104.468,57.407,157.856,2017.016
P,R2,M,C,3,4,L,17948.213,129.987,66.497,176.344,2150.893
P,R2,M,C,1,2,L,17948.213,126.738,57.689,182.016,2148.83
P,R2,M,C,1,1,L,17948.213,143.312,97.654,186.868,2155.528
P,R1,M,C,2,4,R,17185.933,101.118,55.461,141.666,2056.972
P,R2,M,C,2,5,R,18156.107,122.701,71.483,185.951,2179.697
P,R2,F,C,3,1,R,19888.56,128.762,78.199,164.74,2381.025
P,R1,M,C,3,4,L,17948.213,103.301,38.399,149.309,2155.56
P,R1,F,C,2,4,R,19264.877,101.094,42.798,151.146,2306.441
P,R1,F,C,2,1,L,19611.367,121.878,63.127,195.502,2352.845
P,R1,F,C,3,2,L,19264.877,120.838,57.13,173.013,2309.909
P,R1,M,C,2,3,L,17116.635,101.07,47.56,141.412,2048.922
P,R2,M,C,3,1,L,17601.722,135.282,98.111,181.872,2111.631
P,R1,M,C,3,5,L,17740.318,101.519,56.629,146.924,2123.037
P,R1,M,C,2,5,R,17463.126,93.353,47.553,131.161,2095.572
P,R2,M,C,2,4,L,17878.915,127.831,69.375,168.718,2140.186
P,R1,F,C,2,3,R,19472.771,108.66,59.074,165.518,2337.479
P,R2,F,C,1,4,L,19611.367,124.96,66.395,190.182,2352.33
P,R2,M,C,3,2,L,18156.107,133.861,75.773,174.156,2174.365
P,R1,F,C,1,1,L,19542.069,122.341,50.974,173.821,2345.131
P,R2,M,C,1,4,R,17948.213,123.369,70.079,162.156,2154.917
P,R1,F,C,2,5,R,19680.666,111.065,54.652,172.203,2359.551
P,R2,F,C,2,2,L,19957.858,127.023,59.004,185.603,2392.855
P,R1,M,C,1,4,L,16492.952,106.864,56.263,149.475,1975.042
P,R2,M,C,3,5,L,18017.511,130.68,77.842,171.792,2159.206
P,R2,M,C,2,2,R,17740.318,123.257,79.776,170.762,2130.515
P,R1,F,C,2,2,R,19126.281,106.716,46.589,158.264,2294.829
P,R2,M,C,2,1,R,17948.213,128.786,73.333,183.032,2155.303
P,R2,M,C,3,3,R,18225.405,121.848,71.652,164.258,2186.95
P,R1,M,C,2,2,L,16908.741,113.207,63.202,149.49,2028.408
P,R2,F,C,3,5,L,19611.367,132.301,61.325,178.463,2354.567
P,R1,M,C,2,1,L,17878.915,106.662,39.871,153.927,2140.445
P,R1,M,C,1,3,L,17809.616,101.669,44.042,143.742,2134.934
P,R1,F,C,3,5,R,18086.809,126.648,63.175,175.692,2168.429
P,R2,F,C,2,4,L,19680.666,128.836,68.034,171.724,2359.081
P,R2,F,C,1,2,L,19749.964,113.097,56.031,166.757,2369.208
P,R2,F,C,3,2,R,19680.666,125.86,67.734,165.024,2356.009
P,R1,M,C,1,2,L,17740.318,105.315,51.066,148.579,2123.804
P,R1,F,C,1,4,L,19680.666,122.075,51.047,192.535,2358.258
P,R2,F,C,2,5,L,19264.877,124.364,72.617,199.041,2308.918
P,R1,F,C,3,4,R,19611.367,132.466,54.476,181.559,2348.526
P,R2,M,C,1,5,R,18017.511,126.52,80.426,173.942,2162.349
M,R2,M,B,2,3,L,17797.202,159.57,107.29,204.737,2137.222
M,R2,M,B,2,1,L,17589.452,162.536,112.104,208.41,2105.969
M,R2,M,B,1,4,L,17727.952,167.272,120.98,204.792,2122.346
M,R2,F,B,1,2,L,19597.697,152.84,90.644,214.549,2352.437
M,R2,M,B,2,4,L,17797.202,172.181,121.348,206.076,2134.79
M,R2,M,B,1,1,L,17243.203,163.594,120.819,203.855,2065.798
M,R2,M,B,2,2,L,17173.954,141.607,75.714,197.276,2057.535
M,R2,F,B,1,3,L,19251.448,148.961,89.985,204.963,2307.979
M,R2,F,B,1,4,L,19043.699,132.668,55.06,203.184,2284.016
M,R2,M,B,2,5,L,17035.454,165.954,122.968,212.937,2046.55
M,R2,M,B,1,2,L,17589.452,160.33,90.496,206.401,2111.83
M,R2,F,B,1,5,L,19251.448,144.613,60.019,226.269,2305.472
M,R2,M,B,1,5,L,17381.703,169.107,113.259,208.207,2085.216
M,R2,F,B,1,1,L,19320.698,163.585,113.573,204.441,2319.397
M,R2,M,B,1,3,L,17797.202,153.153,97.74,213.391,2137.125
P,R1,M,B,3,4,L,16911.676,144.96,101.887,187.837,2044.58
P,R4,F,A,2,2,L,18473.799,133.253,79.896,182.7,2238.348
P,R4,M,A,3,5,L,16979.594,156.451,109.081,191.819,2054.191
P,R4,F,A,2,1,L,19017.146,151.348,106.166,187.457,2299.961
P,R4,F,A,1,3,L,18881.309,145.741,88.987,180.653,2283.052
P,R4,M,A,1,5,R,17794.615,149.847,109.303,183.713,2151.648
P,R4,F,A,1,2,L,18881.309,142.534,86.242,189.89,2283.558
P,R1,F,B,1,2,R,19152.982,142.506,95.136,177.481,2318.315
P,R4,F,A,2,4,L,19356.738,143.181,81.511,182.001,2347.964
P,R1,F,B,2,2,L,18337.962,139.916,81.358,188.85,2220.955
P,R1,F,B,3,5,L,18337.962,140.383,85.026,187.214,2220.955
P,R4,F,A,1,4,L,19356.738,149.466,109.061,188.628,2342.896
P,R1,M,B,2,2,L,17047.513,142.872,96.318,176.078,2061.584
P,R4,F,A,3,1,R,17998.37,141.834,75.214,187.967,2182.005
P,R2,M,B,1,2,R,17658.778,147.214,103.09,183.24,2138.365
P,R2,M,B,1,5,R,17794.615,156.661,113.487,189.119,2156.141
P,R4,F,A,3,4,L,19152.982,147.111,95.466,224.48,2324.006
P,R4,M,A,1,3,L,17726.696,151.258,114.634,178.837,2146.291
P,R1,M,B,1,4,L,16775.839,148.846,101.356,192.01,2030.296
P,R1,F,B,2,3,L,18405.88,142.202,94.38,178.439,2226.681
P,R4,F,A,1,5,R,19288.819,140.684,95.121,179.451,2336.292
P,R1,F,B,2,5,L,18473.799,138.35,80.46,190.137,2236.36
P,R4,M,A,2,3,R,16707.921,152.394,101.198,181.72,2025.306
P,R1,F,B,1,4,L,18270.043,148.762,105.268,186.666,2208.719
P,R1,M,B,3,5,L,16979.594,160.857,114.081,194.07,2052.603
P,R4,M,A,3,1,L,17658.778,155.474,105.487,186.646,2139.127
P,R1,F,B,1,3,L,19017.146,135.45,75.975,180.063,2301.438
P,R4,F,A,2,5,R,18949.227,147.88,100.667,182.992,2294.048
P,R4,F,A,3,2,L,19152.982,139.152,62.756,200.143,2318.257
P,R4,M,A,2,2,L,17455.023,141.45,98.953,177.511,2111.597
P,R1,M,B,1,3,L,16164.574,140.484,90.766,176.717,1955.698
P,R1,M,B,1,1,R,16504.166,155.506,100.528,195.276,1994.487
P,R4,M,A,2,1,L,17251.268,153.005,114.286,181.227,2088.7
P,R1,F,B,2,4,L,18609.635,138.443,76.591,188.008,2256.511
P,R1,M,B,3,2,L,16640.002,146.189,85.093,184.441,2012.252
P,R1,M,B,1,5,R,17387.105,143.864,87.29,183.518,2108.99
P,R4,M,A,2,4,L,17726.696,144.89,104.516,179.683,2143.14
P,R1,F,B,1,5,L,19085.064,146.495,71.221,187.074,2309.671
P,R1,F,B,2,1,L,19085.064,134.669,87.475,178.478,2312.316
P,R4,F,A,2,3,R,19356.738,152.313,113.468,192.833,2340.866
P,R1,M,B,3,3,R,16572.084,148.067,106.972,187.999,2008.739
P,R4,M,A,2,5,L,17183.349,138.227,111.805,176.184,2083.149
P,R1,F,B,3,3,L,18949.227,136.391,87.433,179.272,2291.085
P,R1,F,B,1,1,L,18677.554,139.202,81.105,178.032,2261.487
P,R1,M,B,1,2,L,16707.921,140.816,83.043,190.452,2019.782
P,R1,M,B,2,3,L,17047.513,147.876,81.25,189.354,2064.53
P,R1,F,B,3,4,L,18881.309,137.576,68.343,191.641,2290.092
P,R4,M,A,3,2,R,17251.268,157.894,115.731,187.387,2087.578
P,R4,M,A,3,4,L,17794.615,149.856,101.687,190.469,2156.944
P,R2,M,B,1,4,L,17658.778,147.685,110.975,179.25,2134.884
P,R4,F,A,3,5,L,18881.309,135.933,83.924,192.926,2283.171
P,R4,M,A,3,3,L,17658.778,148.131,101.884,189.186,2139.556
P,R4,M,A,1,4,L,17455.023,150.664,84.626,194.981,2112.546
P,R1,M,B,2,4,R,17387.105,148.253,77.335,187.101,2109.65
P,R2,M,B,1,1,L,18134.207,136.343,87.471,172.539,2192.237
P,R2,M,B,1,3,L,17794.615,160.535,120.673,187.881,2152.847
P,R1,M,B,3,1,L,16775.839,147.929,91.704,186.285,2035.441
P,R1,F,B,3,1,L,19152.982,137.374,94.078,182.747,2318.432
P,R4,F,A,1,1,R,19017.146,132.825,75.783,181.23,2306.508
P,R4,F,A,3,3,R,18949.227,142.006,89.597,206.206,2292.019
P,R4,M,A,1,2,L,16979.594,141.5,86.599,181.423,2057.759
P,R1,M,B,2,5,L,16504.166,151.642,72.527,201.526,2000.523
P,R4,M,A,1,1,L,17115.431,146.717,92.079,183.829,2073.869
P,R1,F,B,3,2,L,20375.513,139.716,90.828,183.519,2465.349
P,R1,M,B,2,1,L,15960.819,158.182,118.725,199.312,1933.537
M,R1,F,A,3,5,R,18922.362,126.464,66.223,171.237,2269.07
M,R1,M,A,3,3,L,17264.928,127.488,67.364,165.221,2071.579
P,R3,F,C,1,2,R,19405.78,110.716,62.286,156.897,2328.819
P,R3,F,C,2,3,L,19751.078,127.072,52.997,200.242,2370.51
M,R1,F,A,1,1,L,18646.123,128.842,71.104,167.509,2239.261
M,R1,M,A,1,2,L,16781.51,143.752,92.176,197.08,2013.766
M,R1,M,A,1,5,L,17195.869,128.982,76.774,190.776,2062.609
M,R1,M,A,1,3,L,17057.749,132.3,72.528,181.896,2052.136
M,R1,F,A,2,1,R,18508.003,124.439,64.791,192.435,2219.746
M,R1,F,A,2,3,L,18715.182,126.247,44.886,184.999,2249.231
P,R3,M,C,2,2,R,17610.227,187.127,116.083,239.364,2111.793
P,R3,M,C,1,2,R,17955.526,199.847,125,244.251,2155.056
P,R3,F,C,2,4,L,19889.198,130.069,82.341,186.144,2389.213
M,R1,M,A,2,5,R,17126.809,130.93,65.86,184.492,2057.798
P,R3,M,C,2,5,L,18024.585,189.474,88.804,233.625,2160.8
M,R1,M,A,3,2,L,17057.749,130.751,82.963,164.395,2050.873
P,R3,F,C,3,4,L,19682.018,120.594,52.271,191.774,2360.336
P,R3,F,C,1,1,R,19751.078,136.738,65.384,189.458,2376.344
M,R1,F,A,1,5,R,18784.242,118.158,50.092,166.395,2258.82
M,R1,F,A,3,1,L,18991.421,124.184,75.529,169.452,2281.908
P,R3,M,C,1,3,L,17403.048,211.366,112.642,245.256,2086.113
P,R3,M,C,3,4,L,17541.167,124.197,61.65,169.923,2108.062
M,R1,M,A,2,4,L,16712.451,130.983,76.226,169.48,2009.527
P,R3,F,C,3,5,R,20027.317,124.543,56.833,225.312,2402.012
P,R3,M,C,3,2,L,17955.526,117.107,66.342,172.726,2159.282
M,R1,F,A,2,4,R,18508.003,125.664,68.601,178.601,2225.929
P,R3,M,C,2,4,R,17886.466,188.048,100.895,241.161,2149.955
M,R1,F,A,3,3,L,18784.242,132.061,68.139,172.974,2257.567
P,R3,M,C,3,1,L,17679.287,129.784,62.646,191.405,2119.513
P,R3,M,C,3,5,L,18162.705,136.87,87.634,178.494,2183.184
M,R1,F,A,2,5,L,18853.302,128.404,61.454,169.773,2261.906
P,R3,F,C,1,3,L,19682.018,127.346,49.767,197.26,2367.61
P,R3,M,C,1,1,R,17195.869,196.847,129.987,233.194,2066.556
M,R1,F,A,1,2,L,19129.541,127.67,70.365,176.124,2293.755
P,R3,F,C,2,5,L,19474.839,134.633,72.028,185.889,2338.496
P,R3,M,C,1,4,L,17817.406,197.218,100.757,240.414,2142.232
M,R1,F,A,1,4,L,18784.242,132.543,65.15,187.903,2258.973
M,R1,M,A,2,1,L,16850.57,128.627,74.78,187.742,2019.4
P,R3,F,C,3,1,L,19198.6,126.565,81.936,191.284,2304.809
M,R1,M,A,1,1,R,16988.69,128.246,70.96,169.556,2036.834
P,R3,F,C,1,4,L,19682.018,121.688,55.253,181.943,2362.748
P,R3,F,C,1,5,L,20027.317,132.057,72.691,190.881,2403.162
P,R3,M,C,3,3,L,17610.227,128.659,75,193.667,2110.795
M,R1,M,A,2,2,R,17126.809,132.338,64.527,175.015,2060.029
P,R3,M,C,2,3,L,18300.824,190.382,99.747,238.017,2193.96
P,R3,F,C,3,3,L,19889.198,123.335,56.255,170.051,2388.909
P,R3,M,C,2,1,L,17817.406,174.659,88.148,244.46,2142.377
P,R3,F,C,2,1,L,19267.66,140.534,77.397,193.512,2317.582
M,R1,F,A,1,3,L,18784.242,126.683,67.336,190.493,2257.46
M,R1,F,A,2,2,L,19267.66,130.047,57.339,181.633,2310.48
M,R1,M,A,2,3,L,17057.749,134.11,94.566,175.744,2048.633
M,R1,M,A,3,5,L,16919.63,133.815,57.607,180.847,2027.761
P,R3,M,C,1,5,L,18300.824,206.854,113.772,245.04,2196.241
M,R1,F,A,3,4,L,18784.242,120.491,60.189,169.944,2253.418
M,R1,M,A,3,1,L,17057.749,134.298,55.714,173.747,2051.294
M,R1,M,A,3,4,L,17679.287,140.311,81.266,226.545,2122.769
M,R1,M,A,1,4,L,16505.272,139.157,87.354,174.216,1982.296
P,R3,F,C,2,2,L,19129.541,138.453,90.948,178.265,2298.973
M,R1,F,A,3,2,R,19129.541,126.07,74.888,164.147,2300.895
M,R3,F,B,2,3,L,19109.089,186.704,135.995,224.693,2293.949
M,R2,M,A,1,4,L,18001.315,189.39,116.96,224.715,2158.957
M,R2,F,A,1,3,L,18485.966,175.182,94.845,239.007,2218.552
M,R2,M,A,3,5,L,17793.608,194.047,128.591,221.871,2136.439
M,R2,F,A,3,4,L,19593.74,185.185,119.852,228.771,2349.785
M,R3,M,B,3,2,L,17862.844,195.025,139.782,235.966,2142.588
M,R3,F,B,3,3,L,18970.617,202.025,141.23,236.064,2277.668
M,R2,M,A,2,4,L,17724.372,177.912,124.155,233.957,2121.871
M,R2,M,A,3,4,L,17516.665,184.201,121.468,221.179,2097.256
M,R2,M,A,3,2,L,18209.023,185.034,114.46,231.572,2181.782
M,R1,M,B,1,1,R,16685.835,184.791,124.826,225.963,2000.458
M,R1,F,B,3,4,L,19178.325,187.735,117.604,230.94,2298.23
M,R1,F,B,2,2,L,18693.674,188.045,122.542,234.172,2246.14
M,R2,M,A,1,5,L,17655.136,178.26,125.84,237.876,2115.057
M,R2,F,A,1,2,L,19316.796,175.441,100.428,235.683,2314.621
M,R2,M,A,1,1,L,18485.966,175.494,99.76,223.251,2214.914
M,R1,F,B,2,4,L,18555.202,185.655,123.019,237,2221.718
M,R1,F,B,3,1,R,19109.089,186.754,123.631,237.09,2289.371
M,R1,M,B,1,2,L,17239.721,184.334,121.307,226.859,2064.164
M,R2,M,A,3,3,L,17170.486,189.98,137.661,230.157,2058.74
M,R1,F,B,2,1,L,18832.145,188.473,108.195,239.054,2257.946
M,R1,F,B,1,4,R,19247.56,193.111,128.751,234.264,2304.999
M,R3,M,B,3,5,R,17378.193,199.558,155.477,228.941,2081.898
M,R3,M,B,2,2,L,17655.136,178.974,125.333,226.68,2120.027
M,R2,F,A,1,5,L,18693.674,177.16,99.562,231.762,2244.598
M,R1,M,B,2,5,L,17239.721,194.202,118.492,237.282,2071.012
M,R1,M,B,3,5,L,17378.193,202.493,142.863,236.276,2083.993
M,R1,M,B,3,3,L,17170.486,192.608,138.694,240.538,2061.563
M,R2,M,A,1,3,R,17378.193,191.336,123.342,229.229,2085.188
M,R3,M,B,2,4,L,17793.608,181.166,130.576,231.408,2130.419
M,R1,F,B,3,3,L,18555.202,191.246,128.413,238.597,2226.154
M,R2,F,A,2,4,L,18762.91,197.769,136.661,236.516,2250.082
M,R2,M,A,2,3,L,17655.136,196.525,143.812,230.708,2118.132
M,R2,F,A,1,4,L,19939.919,155.231,77.916,213.67,2395.757
M,R1,M,B,1,5,L,17239.721,183.533,112.56,229.73,2064.315
M,R2,F,A,1,1,L,19524.504,160.903,98.615,221.63,2344.062
M,R3,F,B,2,1,L,18485.966,192.604,142.781,233.495,2218.396
M,R3,F,B,3,2,L,19109.089,195.037,149.219,238.734,2294.628
M,R2,M,A,2,1,L,17378.193,181.494,114.758,230.992,2085.006
M,R1,M,B,2,2,L,16685.835,198.045,137.707,236.676,2001.323
M,R1,M,B,3,4,L,17239.721,179.398,118.229,231.423,2071.396
M,R3,F,B,2,4,L,19455.268,190.186,127.806,223.944,2331.445
M,R1,F,B,1,2,L,19109.089,187.565,117.404,232.823,2291.85
M,R1,F,B,1,3,L,19039.853,189.633,108.095,234.149,2284.512
M,R2,F,A,2,1,L,19039.853,172.25,105.245,226.856,2287.238
M,R3,F,B,3,5,L,19316.796,180.335,134.726,239.205,2319.476
M,R1,M,B,3,2,L,17239.721,185.515,129.564,226.015,2064.164
M,R2,F,A,2,2,L,19316.796,180.483,101.809,236.606,2314.232
M,R2,F,A,3,3,L,19247.56,189.795,117.63,237.232,2310.069
M,R2,F,A,3,2,L,19662.975,179.459,91.935,233.86,2361.585
M,R1,M,B,3,1,L,17239.721,181.937,127.733,235.374,2071.095
M,R3,M,B,3,3,L,17793.608,197.779,155.583,235.585,2132.871
M,R2,F,A,3,1,L,19801.447,175.702,82.146,231.488,2375.295
M,R3,F,B,3,1,L,19455.268,189.166,131.546,232.994,2332.825
M,R1,M,B,1,4,L,17239.721,175.236,117.956,220.161,2070.26
M,R3,M,B,2,5,L,17101.25,171.861,113.143,214.236,2049.69
M,R2,M,A,2,5,L,17862.844,183.008,120.656,234.257,2141.683
M,R3,M,B,2,3,L,16824.306,185.353,95.462,233.917,2014.254
M,R2,M,A,2,2,L,17724.372,200.731,131.08,234.622,2123.681
M,R3,M,B,3,4,L,17585.901,203.198,157.599,239.602,2109.37
M,R3,M,B,2,1,L,17516.665,180.796,103.422,223.762,2101.066
M,R2,M,A,3,1,L,16270.42,192.805,146.946,229.594,1953.477
M,R1,F,B,3,2,R,18901.381,198.481,135.402,237.427,2270.651
M,R1,M,B,2,1,L,16755.071,191.687,116.359,236.64,2010.435
M,R1,F,B,1,5,L,18901.381,171.821,103.065,236.066,2263.81
M,R1,F,B,1,1,L,18762.91,170.047,91,235,2246.618
M,R3,F,B,2,5,L,19039.853,197.201,152.829,234.462,2283.497
M,R2,F,A,3,5,L,19662.975,181.941,118.194,237.646,2359.723
M,R2,F,A,2,5,L,19247.56,184.06,103.948,240.677,2306.17
M,R1,F,B,3,5,L,18832.145,193.205,134.432,238.528,2262.479
M,R1,M,B,1,3,L,17101.25,177.374,119.537,219.43,2047.663
M,R1,F,B,2,5,L,18970.617,189.863,129.07,234.062,2274.398
M,R3,F,B,2,2,L,18901.381,192.409,134.045,232.622,2265.461
M,R3,F,B,3,4,L,19386.032,182.172,114.439,234.581,2326.986
M,R1,F,B,2,3,L,19039.853,186.42,113.632,234.948,2285.967
M,R2,F,A,2,3,L,19109.089,199.077,116.632,234.01,2294.643
M,R1,M,B,2,3,L,17170.486,191.633,121.863,237.076,2060.488
M,R2,M,A,1,2,L,17032.014,190.818,125.046,229.018,2042.669
M,R3,M,B,3,1,L,18139.787,196.242,139.891,233.624,2177.207
M,R1,M,B,2,4,L,17516.665,189.715,107.668,237.11,2103.042
P,R4,F,B,1,5,L,19443.844,145.116,82.949,200.02,2332.896
P,R3,M,B,3,1,R,18124.441,173.35,119.333,224.596,2167.659
P,R3,F,B,3,5,L,20624.363,153.021,65.125,215.651,2469.836
P,R3,M,B,1,3,L,18263.325,164.454,104.274,218.333,2188.446
P,R2,M,B,3,5,L,17916.114,209.35,129.95,253.459,2148.432
P,R2,F,B,1,5,L,19374.402,175.38,84.907,221.283,2320.42
P,R3,F,B,3,1,L,20207.71,167.032,66.431,235.614,2420.85
P,R2,M,B,3,1,L,18471.652,202.729,96.239,250.255,2216.601
P,R2,M,B,3,2,R,17916.114,198.111,124.712,246.115,2144.89
P,R2,M,B,2,4,R,18332.768,190.536,106.813,245.925,2193.913
P,R4,M,B,2,3,L,18054.998,181.605,141.849,218.334,2162.286
P,R4,F,B,1,1,L,19374.402,154.483,76.716,209.494,2322.035
P,R4,M,B,1,4,L,17499.46,157.795,109.273,204.711,2096.426
P,R4,M,B,2,5,L,18054.998,175.12,121.326,213.004,2166.072
P,R4,M,B,2,4,R,17985.556,175.014,132.641,213.682,2156.369
P,R2,M,B,2,2,L,18054.998,211.58,113.902,248.061,2158.445
P,R4,F,B,1,3,L,19443.844,148.974,65.37,208.457,2326.741
P,R2,F,B,3,5,L,19166.075,169.611,76.788,244.333,2291.768
P,R3,M,B,3,2,L,17221.691,177.108,78.881,221.899,2058.909
P,R4,M,B,1,2,L,17707.787,165.514,76.342,221.601,2118.798
P,R3,F,B,1,5,R,20068.825,159.863,78.011,203.049,2405.353
P,R3,F,B,1,3,R,20346.594,155.958,98.749,216.507,2434.808
P,R2,F,B,2,2,R,19513.287,155.76,92.761,219.041,2341.052
P,R3,F,B,1,4,L,19235.517,149.951,64.317,190.942,2302.816
P,R2,F,B,2,1,L,20068.825,171.456,89.828,242.563,2401.409
P,R2,M,B,2,1,L,18124.441,194.034,108.674,237.172,2174.072
P,R3,M,B,1,4,R,18332.768,151.415,80.23,209.821,2198.845
P,R3,F,B,1,2,R,19513.287,159.54,92.706,216.691,2337.416
P,R3,F,B,2,4,L,20068.825,158.616,80.709,204.764,2404.646
P,R4,M,B,1,3,R,17707.787,149.609,81.123,208.632,2118.044
P,R3,M,B,3,5,L,17638.344,164.634,103.047,211.915,2116.257
P,R3,F,B,3,3,L,19652.171,162.678,97.369,213.284,2351.441
P,R3,F,B,2,3,L,19999.383,158.722,82.965,208.858,2392.152
P,R3,M,B,2,5,L,18124.441,171.12,101.1,217.564,2172.411
P,R3,F,B,1,1,L,19443.844,163.841,89.045,228.345,2327.71
P,R2,F,B,1,1,L,19860.498,187.106,100.153,245.486,2376.381
P,R3,M,B,3,4,L,18679.979,155.315,81.762,200.665,2240.641
P,R2,F,B,1,2,L,20068.825,201.375,112.849,247.492,2401.135
P,R2,M,B,2,3,L,17568.902,202.246,108.853,241.613,2102.479
P,R2,M,B,3,3,L,17777.229,206.182,155.099,237.918,2130.385
P,R2,F,B,2,3,L,19929.94,169.342,87.144,238.747,2383.661
P,R3,M,B,1,2,R,18193.883,176.003,95.063,233.553,2182.425
P,R2,F,B,3,1,L,19860.498,185.354,113.098,245.034,2382.029
P,R3,F,B,2,2,L,19860.498,156.977,69.026,216.107,2382.685
P,R4,M,B,2,1,L,16666.152,156.712,92.395,209.2,1999.014
P,R2,F,B,2,4,L,19582.729,164.052,78.687,219.218,2343.113
P,R3,M,B,2,3,L,18193.883,173.68,101.008,219.821,2176.897
P,R3,F,B,3,4,L,19374.402,162.339,96.826,222.803,2323.993
P,R2,F,B,1,4,L,20416.037,154.249,106.516,211.972,2445.267
P,R3,F,B,2,5,L,19721.614,163.795,78.505,224.846,2358.356
P,R2,M,B,2,5,L,18124.441,196.999,102.004,237.086,2167.546
P,R2,F,B,2,5,L,19929.94,177.946,98.502,227.895,2389.814
P,R4,M,B,2,2,L,16596.71,171.641,122.324,207.673,1989.962
P,R3,M,B,1,5,L,18679.979,162.785,76.54,220.055,2235.692
P,R2,F,B,1,3,R,19582.729,148.803,84.564,193.662,2345.912
P,R3,M,B,2,2,L,18263.325,175.782,88.505,238.888,2187.367
P,R2,F,B,3,4,L,19929.94,167.006,94.785,223.483,2390.337
P,R3,F,B,2,1,L,20068.825,163.352,90.433,226.857,2404.386
P,R4,F,B,1,4,R,19513.287,144.179,78.757,197.886,2337.401
P,R4,M,B,1,1,R,17707.787,159.039,90.347,215.979,2118.225
P,R4,M,B,1,5,L,17985.556,154.872,83.005,206.534,2151.743
P,R3,M,B,1,1,L,18263.325,163.999,90.496,222.006,2184.889
P,R3,M,B,2,4,L,18263.325,174.255,106.724,227.977,2190.302
P,R2,F,B,3,2,L,19791.056,159.47,92.237,224.276,2370.207
P,R3,M,B,3,3,L,18471.652,156.682,81.786,200.98,2216.272
P,R2,M,B,3,4,L,18193.883,202.751,97.632,240.908,2176.626
P,R3,M,B,2,1,L,17846.671,156.543,71.779,215.282,2135.805
P,R4,F,B,1,2,R,19652.171,145.591,93.223,210.794,2353.286
P,R2,F,B,3,3,L,20207.71,148.985,93.221,209.181,2419.286
P,R3,F,B,3,2,L,19374.402,161.96,91.514,232.641,2318.968